Year,Team,Sample,Tm.FT_Perc,GMS,W,L,Tm.Pts,Opp.Pts
1987,ATL,Annual,0.758737317,82,57,25,9024,8431
1987,BOS,Annual,0.80817464,82,59,23,9237,8692
1987,CHI,Annual,0.778172138,82,40,42,8596,8523
1987,CLE,Annual,0.696554424,82,31,51,8558,8871
1987,DAL,Annual,0.790500736,82,55,27,9567,9050
1987,DEN,Annual,0.7693806,82,37,45,9569,9640
1987,DET,Annual,0.76518063,82,52,30,9118,8836
1987,GSW,Annual,0.78019802,82,42,40,9188,9380
1987,HOU,Annual,0.741086587,82,42,40,8765,8683
1987,IND,Annual,0.781927155,82,41,41,8698,8751
1987,LAC,Annual,0.74194831,82,12,70,8566,9503
1987,LAL,Annual,0.789329149,82,65,17,9656,8893
1987,MIL,Annual,0.765582125,82,50,32,9052,8731
1987,NJN,Annual,0.767165324,82,24,58,8893,9307
1987,NYK,Annual,0.730313294,82,24,58,8508,9022
1987,PHI,Annual,0.753152465,82,45,37,8729,8745
1987,PHO,Annual,0.760304122,82,36,46,9111,9311
1987,POR,Annual,0.774931694,82,49,33,9667,9410
1987,SAC,Annual,0.796288826,82,29,53,9095,9359
1987,SAS,Annual,0.742146597,82,28,54,8882,9300
1987,SEA,Annual,0.757681836,82,39,43,9325,9287
1987,UTA,Annual,0.726245291,82,44,38,8844,8811
1987,WSB,Annual,0.764519953,82,42,40,8690,8802
1988,ATL,Annual,0.76730848,82,50,32,8844,8549
1988,BOS,Annual,0.802608696,82,57,25,9315,8828
1988,CHI,Annual,0.758667267,82,50,32,8609,8330
1988,CLE,Annual,0.74364233,82,42,40,8566,8504
1988,DAL,Annual,0.788844622,82,53,29,8960,8602
1988,DEN,Annual,0.804281346,82,54,28,9573,9239
1988,DET,Annual,0.756891271,82,54,28,8957,8533
1988,GSW,Annual,0.795825771,82,20,62,8771,9453
1988,HOU,Annual,0.779701973,82,46,36,8935,8821
1988,IND,Annual,0.780020182,82,38,44,8581,8646
1988,LAC,Annual,0.713232104,82,17,65,8103,8949
1988,LAL,Annual,0.788709677,82,62,20,9250,8771
1988,MIL,Annual,0.774957699,82,42,40,8697,8653
1988,NJN,Annual,0.728769497,82,19,63,8235,8900
1988,NYK,Annual,0.758889853,82,38,44,8655,8695
1988,PHI,Annual,0.764188942,82,36,46,8667,8785
1988,PHO,Annual,0.764090909,82,28,54,8901,9268
1988,POR,Annual,0.76971492,82,53,29,9518,9147
1988,SAC,Annual,0.772375215,82,24,58,8855,9327
1988,SAS,Annual,0.733416252,82,31,51,9314,9714
1988,SEA,Annual,0.747747748,82,44,38,9135,8966
1988,UTA,Annual,0.749584027,82,47,35,8899,8597
1988,WSB,Annual,0.773021002,82,38,44,8653,8716
1989,ATL,Annual,0.800295312,82,52,30,9102,8699
1989,BOS,Annual,0.783312048,82,42,40,8958,8863
1989,CHH,Annual,0.766990291,82,20,62,8566,9265
1989,CHI,Annual,0.786324786,82,47,35,8726,8608
1989,CLE,Annual,0.746923708,82,57,25,8923,8300
1989,DAL,Annual,0.788775961,82,38,44,8484,8583
1989,DEN,Annual,0.786949006,82,44,38,9675,9536
1989,DET,Annual,0.769230769,82,63,19,8740,8264
1989,GSW,Annual,0.798657718,82,43,39,9558,9583
1989,HOU,Annual,0.755441235,82,45,37,8897,8819
1989,IND,Annual,0.789010989,82,28,54,8767,9109
1989,LAC,Annual,0.723423423,82,21,61,8712,9525
1989,LAL,Annual,0.801834131,82,57,25,9406,8818
1989,MIA,Annual,0.702330005,82,15,67,8016,8937
1989,MIL,Annual,0.820738875,82,49,33,8932,8636
1989,NJN,Annual,0.731415929,82,26,56,8506,9027
1989,NYK,Annual,0.751901944,82,52,30,9567,9258
1989,PHI,Annual,0.786741214,82,46,36,9174,9051
1989,PHO,Annual,0.790670779,82,55,27,9727,9096
1989,POR,Annual,0.740480132,82,39,43,9395,9275
1989,SAC,Annual,0.769961977,82,27,55,8651,9106
1989,SAS,Annual,0.697507393,82,21,61,8652,9249
1989,SEA,Annual,0.746111812,82,47,35,9196,8958
1989,UTA,Annual,0.769511306,82,51,31,8588,8176
1989,WSB,Annual,0.771786022,82,40,42,8879,9056
1990,ATL,Annual,0.763757862,82,41,41,8901,8817
1990,BOS,Annual,0.831862517,82,52,30,9023,8696
1990,CHH,Annual,0.755973564,82,19,63,8232,8873
1990,CHI,Annual,0.778037383,82,55,27,8977,8710
1990,CLE,Annual,0.74375284,82,42,40,8411,8436
1990,DAL,Annual,0.767359575,82,47,35,8384,8378
1990,DEN,Annual,0.789186733,82,43,39,9397,9281
1990,DET,Annual,0.760657194,82,59,23,8556,8057
1990,GSW,Annual,0.809307208,82,37,45,9534,9791
1990,HOU,Annual,0.720335245,82,41,41,8752,8632
1990,IND,Annual,0.81627409,82,42,40,8962,8949
1990,LAC,Annual,0.738405207,82,30,52,8509,8787
1990,LAL,Annual,0.786925941,82,63,19,9079,8523
1990,MIA,Annual,0.686883629,82,18,64,8247,9044
1990,MIL,Annual,0.757589089,82,44,38,8691,8755
1990,MIN,Annual,0.746492049,82,22,60,7803,8150
1990,NJN,Annual,0.746382979,82,17,65,8208,8853
1990,NYK,Annual,0.755640698,82,45,37,8879,8763
1990,ORL,Annual,0.755963303,82,18,64,9090,9821
1990,PHI,Annual,0.787564767,82,53,29,9039,8630
1990,PHO,Annual,0.794918999,82,54,28,9423,8841
1990,POR,Annual,0.742867593,82,59,23,9365,8847
1990,SAC,Annual,0.771384929,82,23,59,8341,8756
1990,SAS,Annual,0.744773176,82,56,26,8718,8432
1990,SEA,Annual,0.74145891,82,41,41,8769,8684
1990,UTA,Annual,0.754428341,82,55,27,8760,8367
1990,WSB,Annual,0.763975155,82,31,51,8832,9009
1991,ATL,Annual,0.799528302,82,43,39,9003,8940
1991,BOS,Annual,0.824236355,82,56,26,9145,8668
1991,CHH,Annual,0.779132791,82,26,56,8428,8858
1991,CHI,Annual,0.760303174,82,61,21,9024,8278
1991,CLE,Annual,0.765165441,82,33,49,8343,8545
1991,DAL,Annual,0.761329305,82,28,54,8195,8570
1991,DEN,Annual,0.762704375,82,20,62,9828,10723
1991,DET,Annual,0.762550882,82,50,32,8205,7937
1991,GSW,Annual,0.78304962,82,44,38,9564,9430
1991,HOU,Annual,0.741363636,82,52,30,8753,8466
1991,IND,Annual,0.810810811,82,41,41,9159,9191
1991,LAC,Annual,0.702155741,82,31,51,8491,8774
1991,LAL,Annual,0.798319328,82,58,24,8717,8164
1991,MIA,Annual,0.714781101,82,24,58,8349,8840
1991,MIL,Annual,0.801427934,82,48,34,8727,8524
1991,MIN,Annual,0.735350624,82,29,53,8169,8491
1991,NJN,Annual,0.738530067,82,26,56,8441,8811
1991,NYK,Annual,0.770377271,82,39,43,8455,8474
1991,ORL,Annual,0.742950552,82,31,51,8684,9010
1991,PHI,Annual,0.789518174,82,44,38,8641,8656
1991,PHO,Annual,0.770149254,82,55,27,9348,8811
1991,POR,Annual,0.753349094,82,63,19,9407,8695
1991,SAC,Annual,0.731591449,82,25,57,7928,8484
1991,SAS,Annual,0.765758438,82,55,27,8782,8412
1991,SEA,Annual,0.750349977,82,41,41,8744,8643
1991,UTA,Annual,0.789239482,82,54,28,8527,8254
1991,WSB,Annual,0.728796844,82,30,52,8313,8721
1992,ATL,Annual,0.731436837,82,38,44,8711,8834
1992,BOS,Annual,0.808033385,82,51,31,8745,8448
1992,CHH,Annual,0.755073801,82,31,51,8980,9300
1992,CHI,Annual,0.744371482,82,67,15,9011,8155
1992,CLE,Annual,0.80522355,82,57,25,8926,8479
1992,DAL,Annual,0.749874937,82,22,60,8007,8634
1992,DEN,Annual,0.738268021,82,24,58,8176,8821
1992,DET,Annual,0.74288425,82,48,34,8113,7945
1992,GSW,Annual,0.745970837,82,55,27,9732,9412
1992,HOU,Annual,0.738118812,82,42,40,8366,8507
1992,IND,Annual,0.790186125,82,40,42,9197,9042
1992,LAC,Annual,0.720197931,82,45,37,8440,8352
1992,LAL,Annual,0.765583845,82,43,39,8229,8319
1992,MIA,Annual,0.789609274,82,38,44,8608,8953
1992,MIL,Annual,0.758079848,82,31,51,8608,8749
1992,MIN,Annual,0.742595584,82,15,67,8237,8815
1992,NJN,Annual,0.732205077,82,40,42,8641,8780
1992,NYK,Annual,0.733528551,82,51,31,8328,8009
1992,ORL,Annual,0.746472663,82,21,61,8330,8897
1992,PHI,Annual,0.775033083,82,35,47,8358,8462
1992,PHO,Annual,0.776387151,82,53,29,9194,8707
1992,POR,Annual,0.754364596,82,57,25,9135,8539
1992,SAC,Annual,0.746993525,82,29,53,8549,9046
1992,SAS,Annual,0.735529831,82,47,35,8524,8252
1992,SEA,Annual,0.783031374,82,47,35,8737,8583
1992,UTA,Annual,0.787550201,82,55,27,8877,8353
1992,WSB,Annual,0.777607362,82,25,57,8395,8761
1993,ATL,Annual,0.742008104,82,43,39,8814,8885
1993,BOS,Annual,0.777196653,82,48,34,8502,8429
1993,CHH,Annual,0.771272115,82,44,38,9030,9050
1993,CHI,Annual,0.733094262,82,57,25,8625,8109
1993,CLE,Annual,0.801793299,82,54,28,8832,8303
1993,DAL,Annual,0.704744357,82,11,71,8141,9387
1993,DEN,Annual,0.755932203,82,36,46,8626,8769
1993,DET,Annual,0.728666326,82,40,42,8252,8366
1993,GSW,Annual,0.717241379,82,34,48,9014,9095
1993,HOU,Annual,0.757894737,82,55,27,8531,8184
1993,IND,Annual,0.765735723,82,41,41,8836,8697
1993,LAC,Annual,0.717501148,82,41,41,8783,8754
1993,LAL,Annual,0.755642361,82,39,43,8546,8650
1993,MIA,Annual,0.770597738,82,36,46,8495,8589
1993,MIL,Annual,0.741950985,82,28,54,8392,8698
1993,MIN,Annual,0.798397864,82,19,63,8046,8684
1993,NJN,Annual,0.767050487,82,43,39,8431,8328
1993,NYK,Annual,0.741364421,82,60,22,8328,7823
1993,ORL,Annual,0.729859719,82,41,41,8652,8544
1993,PHI,Annual,0.786188579,82,26,56,8556,9029
1993,PHO,Annual,0.753052383,82,62,20,9298,8752
1993,POR,Annual,0.744905956,82,51,31,8898,8643
1993,SAC,Annual,0.762157744,82,25,57,8847,9107
1993,SAS,Annual,0.764705882,82,49,33,8652,8433
1993,SEA,Annual,0.761398849,82,55,27,8884,8304
1993,UTA,Annual,0.765556002,82,47,35,8709,8531
1993,WSB,Annual,0.747508306,82,22,60,8353,8930
1994,ATL,Annual,0.751690821,82,57,25,8318,7886
1994,BOS,Annual,0.730404393,82,32,50,8267,8618
1994,CHH,Annual,0.76440281,82,41,41,8732,8750
1994,CHI,Annual,0.704679935,82,55,27,8033,7780
1994,CLE,Annual,0.770186335,82,47,35,8296,7966
1994,DAL,Annual,0.746652935,82,13,69,7801,8514
1994,DEN,Annual,0.717705324,82,42,40,8221,8099
1994,DET,Annual,0.730612245,82,20,62,7949,8587
1994,GSW,Annual,0.663628472,82,50,32,8844,8701
1994,HOU,Annual,0.742669363,82,58,24,8292,7938
1994,IND,Annual,0.738165061,82,47,35,8280,7997
1994,LAC,Annual,0.709116541,82,27,55,8447,8916
1994,LAL,Annual,0.716827656,82,33,49,8233,8585
1994,MIA,Annual,0.784525416,82,42,40,8475,8256
1994,MIL,Annual,0.701513067,82,20,62,7949,8480
1994,MIN,Annual,0.771602258,82,20,62,7930,8498
1994,NJN,Annual,0.761523046,82,45,37,8461,8281
1994,NYK,Annual,0.745827372,82,57,25,8076,7503
1994,ORL,Annual,0.677749361,82,50,32,8666,8347
1994,PHI,Annual,0.714488636,82,25,57,8033,8658
1994,PHO,Annual,0.727509778,82,56,26,8876,8479
1994,POR,Annual,0.743322204,82,47,35,8795,8579
1994,SAC,Annual,0.731239092,82,28,54,8291,8764
1994,SAS,Annual,0.742445374,82,55,27,8202,7771
1994,SEA,Annual,0.745155855,82,63,19,8687,7942
1994,UTA,Annual,0.740226986,82,53,29,8354,8008
1994,WSB,Annual,0.748381129,82,24,58,8229,8834
1995,ATL,Annual,0.723819302,82,42,40,7921,7816
1995,BOS,Annual,0.75308642,82,35,47,8428,8582
1995,CHH,Annual,0.777179236,82,50,32,8249,7980
1995,CHI,Annual,0.726392252,82,47,35,8325,7929
1995,CLE,Annual,0.760343088,82,43,39,7417,7366
1995,DAL,Annual,0.733936652,82,36,46,8462,8700
1995,DEN,Annual,0.737527115,82,41,41,8309,8240
1995,DET,Annual,0.741370428,82,28,54,8053,8651
1995,GSW,Annual,0.704384134,82,26,56,8667,9111
1995,HOU,Annual,0.748896518,82,47,35,8491,8317
1995,IND,Annual,0.751464435,82,52,30,8136,7833
1995,LAC,Annual,0.70995671,82,17,65,7927,8678
1995,LAL,Annual,0.73503861,82,48,34,8616,8634
1995,MIA,Annual,0.735583685,82,32,50,8293,8427
1995,MIL,Annual,0.711819389,82,34,48,8146,8504
1995,MIN,Annual,0.774522293,82,21,61,7726,8464
1995,NJN,Annual,0.759219089,82,30,52,8042,8299
1995,NYK,Annual,0.734153264,82,55,27,8054,7799
1995,ORL,Annual,0.668559838,82,57,25,9091,8512
1995,PHI,Annual,0.737411765,82,24,58,7820,8236
1995,PHO,Annual,0.755527211,82,59,23,9073,8755
1995,POR,Annual,0.697309417,82,44,38,8451,8138
1995,SAC,Annual,0.710832974,82,39,43,8056,8138
1995,SAS,Annual,0.738238842,82,62,20,8742,8253
1995,SEA,Annual,0.758190328,82,57,25,9055,8384
1995,UTA,Annual,0.780910189,82,60,22,8726,8071
1995,WSB,Annual,0.72379533,82,21,61,8242,8701
1996,ATL,Annual,0.75695825,82,46,36,8059,7959
1996,BOS,Annual,0.713660245,82,33,49,8495,8774
1996,CHH,Annual,0.76970269,82,41,41,8431,8478
1996,CHI,Annual,0.746007984,82,72,10,8625,7621
1996,CLE,Annual,0.763380282,82,47,35,7473,7261
1996,DAL,Annual,0.722025316,82,26,56,8409,8811
1996,DEN,Annual,0.742751956,82,35,47,8013,8235
1996,DET,Annual,0.751133273,82,46,36,7822,7617
1996,GSW,Annual,0.758547009,82,36,46,8334,8453
1996,HOU,Annual,0.764957265,82,48,34,8404,8261
1996,IND,Annual,0.75455298,82,52,30,8144,7878
1996,LAC,Annual,0.701612903,82,29,53,8153,8448
1996,LAL,Annual,0.746217667,82,53,29,8438,8073
1996,MIA,Annual,0.710105167,82,42,40,7909,7792
1996,MIL,Annual,0.737722048,82,25,57,7837,8272
1996,MIN,Annual,0.776577355,82,26,56,8024,8463
1996,NJN,Annual,0.745098039,82,30,52,7684,8031
1996,NYK,Annual,0.757420676,82,47,35,7971,7781
1996,ORL,Annual,0.691308244,82,60,22,8571,8115
1996,PHI,Annual,0.734423332,82,18,64,7746,8566
1996,PHO,Annual,0.771440129,82,41,41,8552,8525
1996,POR,Annual,0.662214563,82,44,38,8145,7952
1996,SAC,Annual,0.73078521,82,39,43,8163,8385
1996,SAS,Annual,0.735515259,82,59,23,8477,7960
1996,SEA,Annual,0.760313531,82,64,18,8572,7933
1996,TOR,Annual,0.722990271,82,21,61,7994,8610
1996,UTA,Annual,0.768462207,82,55,27,8404,7864
1996,VAN,Annual,0.723723724,82,15,67,7362,8180
1996,WSB,Annual,0.727842004,82,39,43,8408,8321
1997,ATL,Annual,0.762659847,82,56,26,7774,7328
1997,BOS,Annual,0.749886312,82,15,67,8248,8849
1997,CHH,Annual,0.77671371,82,54,28,8108,7955
1997,CHI,Annual,0.747294372,82,69,13,8458,7572
1997,CLE,Annual,0.723068246,82,42,40,7173,7022
1997,DAL,Annual,0.716892596,82,24,58,7431,7952
1997,DEN,Annual,0.761044177,82,21,61,8020,8535
1997,DET,Annual,0.745363409,82,54,28,7723,7293
1997,GSW,Annual,0.777981651,82,30,52,8171,8557
1997,HOU,Annual,0.754518072,82,57,25,8248,7881
1997,IND,Annual,0.722174658,82,39,43,7819,7739
1997,LAC,Annual,0.731436837,82,36,46,7969,8162
1997,LAL,Annual,0.692274678,82,56,26,8200,7850
1997,MIA,Annual,0.71909001,82,61,21,7776,7326
1997,MIL,Annual,0.741444867,82,33,49,7818,7973
1997,MIN,Annual,0.750917431,82,40,42,7882,8003
1997,NJN,Annual,0.739537174,82,26,56,7974,8348
1997,NYK,Annual,0.747994337,82,57,25,7819,7563
1997,ORL,Annual,0.746329114,82,45,37,7719,7748
1997,PHI,Annual,0.724897959,82,22,60,8215,8751
1997,PHO,Annual,0.761411765,82,40,42,8431,8377
1997,POR,Annual,0.71340115,82,49,33,8114,7772
1997,SAC,Annual,0.722786647,82,34,48,7908,8185
1997,SAS,Annual,0.718506998,82,20,62,7418,8064
1997,SEA,Annual,0.751633987,82,57,25,8274,7644
1997,TOR,Annual,0.720119522,82,30,52,7829,8085
1997,UTA,Annual,0.769039735,82,64,18,8454,7733
1997,VAN,Annual,0.709342561,82,14,68,7313,8152
1997,WSB,Annual,0.707427994,82,44,38,8147,8014
1998,ATL,Annual,0.755834054,82,50,32,7860,7572
1998,BOS,Annual,0.725560081,82,36,46,7864,8079
1998,CHH,Annual,0.750686185,82,51,31,7923,7759
1998,CHI,Annual,0.742658039,82,62,20,7931,7348
1998,CLE,Annual,0.755829904,82,47,35,7585,7361
1998,DAL,Annual,0.752589183,82,20,62,7494,7995
1998,DEN,Annual,0.772240335,82,11,71,7300,8266
1998,DET,Annual,0.744755245,82,37,45,7721,7592
1998,GSW,Annual,0.710251046,82,19,63,7237,7985
1998,HOU,Annual,0.770754717,82,41,41,8099,8161
1998,IND,Annual,0.763576779,82,58,24,7874,7375
1998,LAC,Annual,0.723009282,82,17,65,7865,8469
1998,LAL,Annual,0.679183376,82,61,21,8652,8017
1998,MIA,Annual,0.739193084,82,55,27,7787,7383
1998,MIL,Annual,0.767420397,82,36,46,7748,7905
1998,MIN,Annual,0.742565468,82,45,37,8290,8232
1998,NJN,Annual,0.7443641,82,43,39,8170,8041
1998,NYK,Annual,0.772075055,82,43,39,7509,7307
1998,ORL,Annual,0.725912067,82,41,41,7387,7475
1998,PHI,Annual,0.737244898,82,31,51,7651,7847
1998,PHO,Annual,0.748973306,82,56,26,8166,7741
1998,POR,Annual,0.736747529,82,46,36,7734,7619
1998,SAC,Annual,0.687022901,82,27,55,7637,8095
1998,SAS,Annual,0.688077634,82,56,26,7587,7260
1998,SEA,Annual,0.721194879,82,61,21,8246,7658
1998,TOR,Annual,0.717961165,82,16,66,7781,8541
1998,UTA,Annual,0.773071104,82,62,20,8279,7743
1998,VAN,Annual,0.739393939,82,19,63,7923,8522
1998,WAS,Annual,0.690630798,82,42,40,7969,7921
1999,ATL,Annual,0.731364276,50,31,19,4315,4170
1999,BOS,Annual,0.691736305,50,19,31,4650,4743
1999,CHH,Annual,0.747109827,50,26,24,4644,4649
1999,CHI,Annual,0.708860759,50,13,37,4095,4568
1999,CLE,Annual,0.749262537,50,22,28,4322,4408
1999,DAL,Annual,0.728099174,50,19,31,4581,4701
1999,DEN,Annual,0.762264151,50,14,36,4674,5004
1999,DET,Annual,0.740452065,50,29,21,4518,4347
1999,GSW,Annual,0.675744681,50,21,29,4416,4541
1999,HOU,Annual,0.728727885,50,31,19,4711,4595
1999,IND,Annual,0.795602606,50,33,17,4733,4546
1999,LAC,Annual,0.720816327,50,9,41,4519,4960
1999,LAL,Annual,0.683300067,50,31,19,4950,4799
1999,MIA,Annual,0.735340729,50,33,17,4449,4201
1999,MIL,Annual,0.733333333,50,28,22,4584,4501
1999,MIN,Annual,0.742782152,50,25,25,4647,4628
1999,NJN,Annual,0.768984812,50,16,34,4569,4758
1999,NYK,Annual,0.732348112,50,27,23,4320,4269
1999,ORL,Annual,0.699680511,50,33,17,4473,4343
1999,PHI,Annual,0.722072678,50,28,22,4483,4380
1999,PHO,Annual,0.760493827,50,27,23,4779,4666
1999,POR,Annual,0.742772424,50,35,15,4742,4424
1999,SAC,Annual,0.682907966,50,27,23,5009,5030
1999,SAS,Annual,0.698233216,50,37,13,4640,4237
1999,SEA,Annual,0.680945347,50,25,25,4743,4797
1999,TOR,Annual,0.760150376,50,23,27,4557,4639
1999,UTA,Annual,0.766887417,50,37,13,4666,4340
1999,VAN,Annual,0.716619318,50,8,42,4443,4876
1999,WAS,Annual,0.705342237,50,18,32,4560,4672
2000,ATL,Annual,0.743331656,82,28,54,7735,8176
2000,BOS,Annual,0.745287356,82,35,47,8146,8208
2000,CHH,Annual,0.757933279,82,49,33,8072,7853
2000,CHI,Annual,0.709430349,82,17,65,6952,7723
2000,CLE,Annual,0.749659864,82,32,50,7950,8237
2000,DAL,Annual,0.803540834,82,40,42,8316,8363
2000,DEN,Annual,0.723534972,82,35,47,8115,8289
2000,DET,Annual,0.780526736,82,42,40,8483,8365
2000,GSW,Annual,0.69725198,82,19,63,7834,8512
2000,HOU,Annual,0.733333333,82,34,48,8156,8227
2000,IND,Annual,0.81125498,82,56,26,8306,7929
2000,LAC,Annual,0.746440307,82,15,67,7546,8491
2000,LAL,Annual,0.696368243,82,67,15,8267,7566
2000,MIA,Annual,0.736179529,82,52,30,7739,7484
2000,MIL,Annual,0.786074672,82,42,40,8300,8282
2000,MIN,Annual,0.779536461,82,50,32,8079,7872
2000,NJN,Annual,0.784419402,82,31,51,8036,8121
2000,NYK,Annual,0.781163435,82,50,32,7555,7435
2000,ORL,Annual,0.734827264,82,41,41,8206,8150
2000,PHI,Annual,0.708445642,82,49,33,7771,7661
2000,PHO,Annual,0.758531541,82,53,29,8111,7683
2000,POR,Annual,0.759980286,82,59,23,7991,7466
2000,SAC,Annual,0.754464286,82,44,38,8607,8368
2000,SAS,Annual,0.746160795,82,53,29,7886,7399
2000,SEA,Annual,0.695408163,82,45,37,8125,8047
2000,TOR,Annual,0.765473888,82,45,37,7968,7981
2000,UTA,Annual,0.77255814,82,55,27,7914,7548
2000,VAN,Annual,0.773786408,82,22,60,7702,8163
2000,WAS,Annual,0.74323683,82,29,53,7921,8190
2001,ATL,Annual,0.758696853,82,25,57,7459,7886
2001,BOS,Annual,0.740182648,82,36,46,7759,7934
2001,CHH,Annual,0.745107176,82,46,36,7539,7367
2001,CHI,Annual,0.7386066,82,15,67,7181,7927
2001,CLE,Annual,0.765196078,82,30,52,7561,7909
2001,DAL,Annual,0.794268168,82,53,29,8239,7888
2001,DEN,Annual,0.737270876,82,40,42,7918,8120
2001,DET,Annual,0.721003135,82,32,50,7837,7976
2001,GSW,Annual,0.705533597,82,17,65,7584,8326
2001,HOU,Annual,0.758389262,82,45,37,7972,7784
2001,IND,Annual,0.766052763,82,41,41,7591,7607
2001,LAC,Annual,0.693352741,82,31,51,7581,7818
2001,LAL,Annual,0.683240463,82,56,26,8251,7974
2001,MIA,Annual,0.759338314,82,50,32,7289,7101
2001,MIL,Annual,0.786552828,82,52,30,8260,7942
2001,MIN,Annual,0.785261946,82,47,35,7982,7871
2001,NJN,Annual,0.759086673,82,26,56,7552,7966
2001,NYK,Annual,0.795599305,82,48,34,7275,7059
2001,ORL,Annual,0.713733075,82,43,39,7992,7911
2001,PHI,Annual,0.745278876,82,56,26,7763,7412
2001,PHO,Annual,0.755195134,82,51,31,7710,7529
2001,POR,Annual,0.761979989,82,50,32,7824,7480
2001,SAC,Annual,0.771084337,82,55,27,8343,7866
2001,SAS,Annual,0.714957265,82,58,24,7886,7250
2001,SEA,Annual,0.732124874,82,44,38,7978,7976
2001,TOR,Annual,0.746975806,82,47,35,8007,7822
2001,UTA,Annual,0.751754386,82,53,29,7959,7574
2001,VAN,Annual,0.770084567,82,23,59,7522,7992
2001,WAS,Annual,0.759020045,82,19,63,7645,8192
2002,ATL,Annual,0.765190525,82,33,49,7711,8058
2002,BOS,Annual,0.764285714,82,49,33,7901,7720
2002,CHH,Annual,0.744893112,82,44,38,7700,7621
2002,CHI,Annual,0.72165475,82,21,61,7335,8035
2002,CLE,Annual,0.772222222,82,29,53,7812,8085
2002,DAL,Annual,0.806419258,82,57,25,8629,8280
2002,DEN,Annual,0.743735763,82,27,55,7559,8036
2002,DET,Annual,0.756397134,82,50,32,7735,7560
2002,GSW,Annual,0.722269625,82,21,61,8009,8452
2002,HOU,Annual,0.740623349,82,28,54,7572,7973
2002,IND,Annual,0.771693735,82,42,40,7938,7916
2002,LAC,Annual,0.739387957,82,39,43,7846,7884
2002,LAL,Annual,0.69878391,82,58,24,8304,7720
2002,MEM,Annual,0.708443972,82,23,59,7372,7982
2002,MIA,Annual,0.723653396,82,36,46,7150,7276
2002,MIL,Annual,0.747594793,82,41,41,7996,8014
2002,MIN,Annual,0.797605473,82,50,32,8145,7868
2002,NJN,Annual,0.735186156,82,52,30,7889,7548
2002,NYK,Annual,0.787234043,82,30,52,7514,7841
2002,ORL,Annual,0.754303599,82,44,38,8240,8111
2002,PHI,Annual,0.778992395,82,43,39,7461,7330
2002,PHO,Annual,0.766871166,82,36,46,7802,7858
2002,POR,Annual,0.763282483,82,49,33,7925,7680
2002,SAC,Annual,0.751160631,82,61,21,8578,7954
2002,SAS,Annual,0.741662961,82,58,24,7932,7423
2002,SEA,Annual,0.755382775,82,45,37,8014,7766
2002,TOR,Annual,0.73907979,82,42,40,7494,7530
2002,UTA,Annual,0.76255144,82,44,38,7871,7798
2002,WAS,Annual,0.765273312,82,37,45,7609,7724
2003,ATL,Annual,0.792640477,82,35,47,7714,8006
2003,BOS,Annual,0.74222668,82,44,38,7599,7631
2003,CHI,Annual,0.7224429,82,30,52,7786,8207
2003,CLE,Annual,0.746520875,82,17,65,7495,8284
2003,DAL,Annual,0.828778583,82,60,22,8444,7806
2003,DEN,Annual,0.699459459,82,17,65,6901,7580
2003,DET,Annual,0.771400297,82,50,32,7492,7190
2003,GSW,Annual,0.777917716,82,38,44,8400,8493
2003,HOU,Annual,0.767612524,82,43,39,7688,7567
2003,IND,Annual,0.765741964,82,48,34,7940,7654
2003,LAC,Annual,0.750114837,82,27,55,7693,8031
2003,LAL,Annual,0.733677783,82,50,32,8230,8039
2003,MEM,Annual,0.738636364,82,28,54,7995,8260
2003,MIA,Annual,0.764949674,82,25,57,7016,7430
2003,MIL,Annual,0.77603349,82,42,40,8158,8139
2003,MIN,Annual,0.769989047,82,51,31,8046,7876
2003,NJN,Annual,0.757175399,82,49,33,7820,7392
2003,NOH,Annual,0.768062827,82,47,35,7699,7526
2003,NYK,Annual,0.814814815,82,37,45,7860,7971
2003,ORL,Annual,0.777296777,82,42,40,8078,8067
2003,PHI,Annual,0.774966711,82,48,34,7941,7752
2003,PHO,Annual,0.741701245,82,44,38,7834,7741
2003,POR,Annual,0.74473549,82,50,32,7803,7589
2003,SAC,Annual,0.746179039,82,59,23,8342,7809
2003,SAS,Annual,0.725159526,82,60,22,7856,7412
2003,SEA,Annual,0.744382022,82,40,42,7555,7565
2003,TOR,Annual,0.71846727,82,24,58,7453,7934
2003,UTA,Annual,0.744997871,82,47,35,7762,7566
2003,WAS,Annual,0.778526721,82,37,45,7502,7585
2004,ATL,Annual,0.776315789,82,28,54,7611,7992
2004,BOS,Annual,0.750357995,82,36,46,7811,7930
2004,CHI,Annual,0.72519084,82,23,59,7355,7876
2004,CLE,Annual,0.75270936,82,35,47,7619,7834
2004,DAL,Annual,0.795577131,82,52,30,8626,8262
2004,DEN,Annual,0.766558592,82,43,39,7972,7884
2004,DET,Annual,0.75265188,82,54,28,7388,6909
2004,GSW,Annual,0.724852071,82,37,45,7649,7709
2004,HOU,Annual,0.772829763,82,45,37,7362,7220
2004,IND,Annual,0.763654419,82,61,21,7493,7021
2004,LAC,Annual,0.785403997,82,28,54,7771,8147
2004,LAL,Annual,0.693452381,82,56,26,8052,7732
2004,MEM,Annual,0.726551563,82,50,32,7930,7730
2004,MIA,Annual,0.761879896,82,42,40,7402,7359
2004,MIL,Annual,0.774635036,82,41,41,8039,7952
2004,MIN,Annual,0.780837636,82,58,24,7753,7303
2004,NJN,Annual,0.753232759,82,47,35,7401,7196
2004,NOH,Annual,0.750645328,82,41,41,7529,7537
2004,NYK,Annual,0.79330254,82,39,43,7542,7663
2004,ORL,Annual,0.737,82,21,61,7711,8287
2004,PHI,Annual,0.75261324,82,33,49,7215,7419
2004,PHO,Annual,0.746380697,82,29,53,7723,8030
2004,POR,Annual,0.730902778,82,41,41,7440,7544
2004,SAC,Annual,0.795499022,82,55,27,8433,8022
2004,SAS,Annual,0.681005317,82,57,25,7501,6909
2004,SEA,Annual,0.764870932,82,37,45,7964,8016
2004,TOR,Annual,0.74969697,82,33,49,7006,7253
2004,UTA,Annual,0.746357013,82,42,40,7271,7371
2004,WAS,Annual,0.71415649,82,25,57,7528,7990
2005,ATL,Annual,0.710631896,82,13,69,7605,8401
2005,BOS,Annual,0.764098149,82,45,37,8304,8233
2005,CHA,Annual,0.709446565,82,18,64,7729,8220
2005,CHI,Annual,0.75,82,47,35,7745,7658
2005,CLE,Annual,0.751609936,82,42,40,7914,7849
2005,DAL,Annual,0.789109767,82,58,24,8405,7934
2005,DEN,Annual,0.763078253,82,49,33,8161,7995
2005,DET,Annual,0.738604651,82,54,28,7653,7336
2005,GSW,Annual,0.722250639,82,34,48,8094,8271
2005,HOU,Annual,0.780966767,82,51,31,7796,7465
2005,IND,Annual,0.792384406,82,44,38,7626,7564
2005,LAC,Annual,0.778364116,82,37,45,7849,7912
2005,LAL,Annual,0.777257838,82,34,48,8095,8338
2005,MEM,Annual,0.753952569,82,45,37,7661,7473
2005,MIA,Annual,0.672343877,82,59,23,8327,7792
2005,MIL,Annual,0.771646478,82,30,52,7973,8218
2005,MIN,Annual,0.796153846,82,44,38,7934,7815
2005,NJN,Annual,0.76262874,82,42,40,7496,7619
2005,NOH,Annual,0.76557377,82,18,64,7252,7832
2005,NYK,Annual,0.766990291,82,33,49,7977,8177
2005,ORL,Annual,0.75888651,82,36,46,8160,8344
2005,PHI,Annual,0.788969918,82,43,39,8128,8189
2005,PHO,Annual,0.748076923,82,62,20,9054,8470
2005,POR,Annual,0.724794239,82,27,55,7621,7949
2005,SAC,Annual,0.786926148,82,50,32,8505,8328
2005,SAS,Annual,0.724056604,82,59,23,7888,7248
2005,SEA,Annual,0.789770061,82,52,30,8113,7925
2005,TOR,Annual,0.773917182,82,33,49,8178,8311
2005,UTA,Annual,0.756602113,82,26,56,7625,7975
2005,WAS,Annual,0.724959612,82,45,37,8241,8268
2006,ATL,Annual,0.750339828,82,26,56,7972,8362
2006,BOS,Annual,0.754990926,82,33,49,8033,8159
2006,CHA,Annual,0.728728271,82,26,56,7943,8271
2006,CHI,Annual,0.738179969,82,41,41,8020,7968
2006,CLE,Annual,0.728645384,82,50,32,8002,7819
2006,DAL,Annual,0.782945736,82,60,22,8130,7632
2006,DEN,Annual,0.744377163,82,44,38,8227,8208
2006,DET,Annual,0.727179487,82,64,18,7941,7394
2006,GSW,Annual,0.71826484,82,34,48,8076,8187
2006,HOU,Annual,0.758585859,82,34,48,7387,7517
2006,IND,Annual,0.737256719,82,41,41,7699,7544
2006,LAC,Annual,0.790849673,82,47,35,7970,7841
2006,LAL,Annual,0.744935543,82,45,37,8154,7949
2006,MEM,Annual,0.710640347,82,49,33,7558,7255
2006,MIA,Annual,0.6995671,82,52,30,8191,7874
2006,MIL,Annual,0.738061466,82,40,42,8020,8105
2006,MIN,Annual,0.757783641,82,33,49,7522,7676
2006,NJN,Annual,0.758116141,82,49,33,7691,7579
2006,NOK,Annual,0.7578125,82,38,44,7611,7842
2006,NYK,Annual,0.725937379,82,23,59,7842,8367
2006,ORL,Annual,0.730346948,82,36,46,7784,7872
2006,PHI,Annual,0.759656652,82,38,44,8147,8307
2006,PHO,Annual,0.806101695,82,54,28,8886,8431
2006,POR,Annual,0.688786008,82,21,61,7285,8060
2006,SAC,Annual,0.784169351,82,44,38,8106,7980
2006,SAS,Annual,0.701745108,82,63,19,7837,7278
2006,SEA,Annual,0.785171103,82,35,47,8411,8659
2006,TOR,Annual,0.791287697,82,27,55,8287,8532
2006,UTA,Annual,0.719383617,82,41,41,7573,7789
2006,WAS,Annual,0.756810897,82,42,40,8336,8184
2007,ATL,Annual,0.76123468,82,30,52,7680,8070
2007,BOS,Annual,0.766758494,82,24,58,7857,8137
2007,CHA,Annual,0.734082397,82,33,49,7945,8252
2007,CHI,Annual,0.733557369,82,49,33,8100,7689
2007,CLE,Annual,0.695733708,82,50,32,7934,7620
2007,DAL,Annual,0.804889976,82,67,15,8201,7609
2007,DEN,Annual,0.746018783,82,45,37,8639,8506
2007,DET,Annual,0.774144869,82,53,29,7872,7531
2007,GSW,Annual,0.716990062,82,42,40,8737,8765
2007,HOU,Annual,0.753410283,82,52,30,7953,7555
2007,IND,Annual,0.76,82,35,47,7840,8040
2007,LAC,Annual,0.787973274,82,40,42,7843,7881
2007,LAL,Annual,0.747411076,82,42,40,8474,8480
2007,MEM,Annual,0.761410788,82,22,60,8331,8753
2007,MIA,Annual,0.689945518,82,44,38,7759,7834
2007,MIL,Annual,0.732673267,82,28,54,8172,8531
2007,MIN,Annual,0.792283298,82,32,50,7877,8178
2007,NJN,Annual,0.727357176,82,41,41,8001,8064
2007,NOK,Annual,0.739824833,82,39,43,7833,7962
2007,NYK,Annual,0.715358932,82,33,49,7994,8228
2007,ORL,Annual,0.701629753,82,40,42,7771,7707
2007,PHI,Annual,0.766744731,82,35,47,7785,8033
2007,PHO,Annual,0.807881773,82,61,21,9037,8438
2007,POR,Annual,0.769192423,82,32,50,7717,8069
2007,SAC,Annual,0.76465831,82,33,49,8303,8451
2007,SAS,Annual,0.750505051,82,58,24,8079,7388
2007,SEA,Annual,0.790685505,82,31,51,8130,8367
2007,TOR,Annual,0.788092836,82,47,35,8157,8076
2007,UTA,Annual,0.743298132,82,51,31,8322,8087
2007,WAS,Annual,0.764948454,82,41,41,8556,8598
2008,ATL,Annual,0.77233947,82,37,45,8054,8203
2008,BOS,Annual,0.770680147,82,66,16,8245,7404
2008,CHA,Annual,0.713947991,82,32,50,7959,8318
2008,CHI,Annual,0.755544603,82,33,49,7981,8234
2008,CLE,Annual,0.716642407,82,45,37,7903,7932
2008,DAL,Annual,0.814457831,82,51,31,8234,7862
2008,DEN,Annual,0.75069472,82,50,32,9074,8770
2008,DET,Annual,0.76692112,82,59,23,7992,7386
2008,GSW,Annual,0.752446184,82,48,34,9105,8924
2008,HOU,Annual,0.726190476,82,55,27,7931,7547
2008,IND,Annual,0.767874633,82,36,46,8527,8642
2008,LAC,Annual,0.781450872,82,23,59,7692,8288
2008,LAL,Annual,0.769162996,82,57,25,8904,8309
2008,MEM,Annual,0.723414402,82,22,60,8257,8766
2008,MIA,Annual,0.727272727,82,15,67,7491,8200
2008,MIL,Annual,0.733333333,82,26,56,7956,8521
2008,MIN,Annual,0.735971648,82,22,60,7839,8395
2008,NJN,Annual,0.736253911,82,34,48,7857,8272
2008,NOH,Annual,0.768599883,82,56,26,8270,7837
2008,NYK,Annual,0.727446301,82,23,59,7948,8490
2008,ORL,Annual,0.721153846,82,52,30,8567,8119
2008,PHI,Annual,0.706130089,82,40,42,7923,7889
2008,PHO,Annual,0.783004552,82,55,27,9026,8612
2008,POR,Annual,0.76697447,82,41,41,7820,7900
2008,SAC,Annual,0.797535211,82,38,44,8408,8593
2008,SAS,Annual,0.760992108,82,56,26,7820,7427
2008,SEA,Annual,0.769560557,82,20,62,7999,8717
2008,TOR,Annual,0.812424608,82,41,41,8215,7977
2008,UTA,Annual,0.759355962,82,54,28,8710,8146
2008,WAS,Annual,0.782019086,82,43,39,8104,8131
2009,ATL,Annual,0.737170264,82,47,35,8046,7917
2009,BOS,Annual,0.764819277,82,62,20,8275,7659
2009,CHA,Annual,0.740458015,82,35,47,7677,7781
2009,CHI,Annual,0.795808967,82,41,41,8378,8401
2009,CLE,Annual,0.75695825,82,66,16,8223,7491
2009,DAL,Annual,0.818574514,82,50,32,8343,8181
2009,DEN,Annual,0.76035384,82,54,28,8555,8275
2009,DET,Annual,0.750676041,82,39,43,7727,7767
2009,GSW,Annual,0.79138796,82,29,53,8905,9212
2009,HOU,Annual,0.80451918,82,53,29,8070,7742
2009,IND,Annual,0.806878307,82,36,46,8617,8708
2009,LAC,Annual,0.736269712,82,19,63,7799,8518
2009,LAL,Annual,0.770004792,82,65,17,8768,8140
2009,MEM,Annual,0.75589793,82,24,58,7698,8146
2009,MIA,Annual,0.75414217,82,43,39,8061,8040
2009,MIL,Annual,0.780358007,82,34,48,8142,8231
2009,MIN,Annual,0.76852325,82,24,58,8019,8422
2009,NJN,Annual,0.778787879,82,34,48,8044,8244
2009,NOH,Annual,0.806873977,82,49,33,7857,7730
2009,NYK,Annual,0.784210526,82,32,50,8627,8841
2009,OKC,Annual,0.785886902,82,23,59,7952,8452
2009,ORL,Annual,0.715046605,82,59,23,8286,7737
2009,PHI,Annual,0.745487365,82,41,41,7987,7981
2009,PHO,Annual,0.744113727,82,46,36,8974,8816
2009,POR,Annual,0.765090543,82,54,28,8153,7715
2009,SAC,Annual,0.79829141,82,17,65,8248,8966
2009,SAS,Annual,0.761121268,82,54,28,7958,7650
2009,TOR,Annual,0.824288017,82,33,49,8121,8352
2009,UTA,Annual,0.771258503,82,48,34,8492,8275
2009,WAS,Annual,0.766940452,82,19,63,7877,8489
2010,ATL,Annual,0.75862069,82,53,29,8338,7956
2010,BOS,Annual,0.745933014,82,50,32,8136,7836
2010,CHA,Annual,0.750917431,82,44,38,7813,7693
2010,CHI,Annual,0.75382263,82,41,41,7993,8127
2010,CLE,Annual,0.719724771,82,61,21,8373,7838
2010,DAL,Annual,0.816042781,82,55,27,8364,8141
2010,DEN,Annual,0.772328549,82,53,29,8729,8394
2010,DET,Annual,0.728228228,82,27,55,7709,8128
2010,GSW,Annual,0.782254197,82,26,56,8922,9217
2010,HOU,Annual,0.772007913,82,42,40,8395,8425
2010,IND,Annual,0.774640911,82,32,50,8263,8510
2010,LAC,Annual,0.729512587,82,29,53,7849,8370
2010,LAL,Annual,0.765239295,82,57,25,8339,7952
2010,MEM,Annual,0.732970027,82,40,42,8404,8528
2010,MIA,Annual,0.751941999,82,47,35,7914,7727
2010,MIL,Annual,0.754626866,82,46,36,8009,7870
2010,MIN,Annual,0.745586708,82,15,67,8051,8838
2010,NJN,Annual,0.780148883,82,12,70,7575,8323
2010,NOH,Annual,0.778446719,82,37,45,8220,8422
2010,NYK,Annual,0.782262649,82,29,53,8373,8686
2010,OKC,Annual,0.804524887,82,50,32,8322,8036
2010,ORL,Annual,0.723805147,82,59,23,8426,7812
2010,PHI,Annual,0.755530973,82,27,55,8014,8334
2010,PHO,Annual,0.770429854,82,54,28,9039,8637
2010,POR,Annual,0.789965568,82,50,32,8045,7774
2010,SAC,Annual,0.726256983,82,25,57,8200,8558
2010,SAS,Annual,0.7404774,82,50,32,8312,7895
2010,TOR,Annual,0.763928234,82,40,42,8534,8680
2010,UTA,Annual,0.740707568,82,53,29,8547,8109
2010,WAS,Annual,0.762005277,82,26,56,7892,8284
2011,ATL,Annual,0.778935185,82,44,38,7790,7857
2011,BOS,Annual,0.769920844,82,56,26,7913,7473
2011,CHA,Annual,0.755877939,82,34,48,7650,7978
2011,CHI,Annual,0.743027888,82,62,20,8087,7487
2011,CLE,Annual,0.745060241,82,19,63,7827,8566
2011,DAL,Annual,0.776756757,82,57,25,8220,7873
2011,DEN,Annual,0.765335529,82,50,32,8811,8421
2011,DET,Annual,0.737324703,82,30,52,7951,8246
2011,GSW,Annual,0.761061947,82,36,46,8477,8668
2011,HOU,Annual,0.800768123,82,43,39,8685,8506
2011,IND,Annual,0.782309582,82,37,45,8183,8271
2011,LAC,Annual,0.706904435,82,32,50,8089,8346
2011,LAL,Annual,0.778676099,82,57,25,8321,7820
2011,MEM,Annual,0.750126199,82,46,36,8195,8003
2011,MIA,Annual,0.769230769,82,58,24,8369,7757
2011,MIL,Annual,0.756512493,82,35,47,7534,7603
2011,MIN,Annual,0.768335862,82,17,65,8288,8832
2011,NJN,Annual,0.758639022,82,24,58,7722,8234
2011,NOH,Annual,0.765419083,82,46,36,7784,7711
2011,NYK,Annual,0.80929564,82,42,40,8734,8670
2011,OKC,Annual,0.823406914,82,55,27,8596,8285
2011,ORL,Annual,0.69157544,82,52,30,8135,7687
2011,PHI,Annual,0.770394381,82,41,41,8119,7996
2011,PHO,Annual,0.759154203,82,40,42,8611,8684
2011,POR,Annual,0.804359673,82,48,34,7896,7771
2011,SAC,Annual,0.734477537,82,24,58,8151,8589
2011,SAS,Annual,0.766633065,82,61,21,8502,8034
2011,TOR,Annual,0.754554656,82,22,60,8124,8639
2011,UTA,Annual,0.77147016,82,39,43,8153,8303
2011,WAS,Annual,0.744872436,82,23,59,7977,8584
2012,ATL,Annual,0.740072202,66,40,26,6375,6148
2012,BOS,Annual,0.777522936,66,39,27,6062,5896
2012,CHA,Annual,0.745554036,66,7,59,5739,6657
2012,CHI,Annual,0.721664275,66,50,16,6359,5819
2012,CLE,Annual,0.716109422,66,21,45,6140,6615
2012,DAL,Annual,0.771364318,66,36,30,6322,6259
2012,DEN,Annual,0.734659091,66,38,28,6872,6682
2012,DET,Annual,0.751540041,66,25,41,5997,6313
2012,GSW,Annual,0.770040486,66,23,43,6453,6678
2012,HOU,Annual,0.782475019,66,34,32,6474,6459
2012,IND,Annual,0.782482599,66,42,24,6449,6231
2012,LAC,Annual,0.680104031,66,40,26,6438,6269
2012,LAL,Annual,0.756450598,66,41,25,6422,6328
2012,MEM,Annual,0.759308511,66,41,25,6269,6136
2012,MIA,Annual,0.774718398,66,46,20,6500,6105
2012,MIL,Annual,0.77385159,66,31,35,6535,6517
2012,MIN,Annual,0.770758123,66,26,40,6464,6609
2012,NJN,Annual,0.776692254,66,22,44,6144,6539
2012,NOH,Annual,0.756621331,66,21,45,5916,6164
2012,NYK,Annual,0.741126071,66,36,30,6458,6247
2012,OKC,Annual,0.806192661,66,47,19,6802,6398
2012,ORL,Annual,0.659814324,66,37,29,6215,6163
2012,PHI,Annual,0.742070117,66,35,31,6180,5900
2012,PHO,Annual,0.757337151,66,33,33,6492,6508
2012,POR,Annual,0.7962052,66,28,38,6415,6456
2012,SAC,Annual,0.735639687,66,22,44,6518,6893
2012,SAS,Annual,0.747722495,66,50,16,6841,6368
2012,TOR,Annual,0.769503546,66,23,43,5986,6204
2012,UTA,Annual,0.754196643,66,36,30,6577,6536
2012,WAS,Annual,0.727272727,66,20,46,6180,6497
2013,ATL,Annual,0.715256331,82,44,38,8032,7999
2013,BOS,Annual,0.776207303,81,41,40,7818,7836
2013,BRK,Annual,0.731358529,82,49,33,7944,7798
2013,CHA,Annual,0.750485437,82,21,61,7661,8418
2013,CHI,Annual,0.772727273,82,45,37,7641,7615
2013,CLE,Annual,0.755750274,82,24,58,7913,8297
2013,DAL,Annual,0.792690234,82,41,41,8293,8342
2013,DEN,Annual,0.700651769,82,57,25,8704,8287
2013,DET,Annual,0.698930481,82,29,53,7778,8105
2013,GSW,Annual,0.790137615,82,47,35,8296,8223
2013,HOU,Annual,0.753713464,82,45,37,8688,8403
2013,IND,Annual,0.746214099,81,49,32,7674,7348
2013,LAC,Annual,0.710805085,82,56,26,8289,7760
2013,LAL,Annual,0.692005242,82,45,37,8381,8286
2013,MEM,Annual,0.772623139,82,56,26,7659,7319
2013,MIA,Annual,0.754107048,82,66,16,8436,7791
2013,MIL,Annual,0.735882353,82,38,44,8108,8231
2013,MIN,Annual,0.741919687,82,31,51,7851,8045
2013,NOH,Annual,0.775672372,82,27,55,7714,8031
2013,NYK,Annual,0.759398496,82,54,28,8196,7849
2013,OKC,Annual,0.828324226,82,60,22,8669,7914
2013,ORL,Annual,0.754966887,82,20,62,7718,8291
2013,PHI,Annual,0.729121278,82,34,48,7640,7914
2013,PHO,Annual,0.743510507,82,25,57,7805,8335
2013,POR,Annual,0.776190476,82,33,49,7995,8255
2013,SAC,Annual,0.768860353,82,28,54,8219,8619
2013,SAS,Annual,0.791304348,82,58,24,8448,7923
2013,TOR,Annual,0.787547788,82,34,48,7971,8092
2013,UTA,Annual,0.764206054,82,43,39,8038,8045
2013,WAS,Annual,0.732531501,82,29,53,7644,7852
2014,ATL,Annual,0.781144781,82,38,44,8282,8321
2014,BOS,Annual,0.776670574,82,25,57,7892,8258
2014,BRK,Annual,0.753246753,82,44,38,8079,8161
2014,CHA,Annual,0.737,82,43,39,7942,7960
2014,CHI,Annual,0.778825996,82,48,34,7680,7528
2014,CLE,Annual,0.751209027,82,33,49,8054,8324
2014,DAL,Annual,0.795152914,82,49,33,8597,8400
2014,DEN,Annual,0.725626741,82,36,46,8559,8735
2014,DET,Annual,0.670298437,82,29,53,8286,8586
2014,GSW,Annual,0.752744079,82,51,31,8549,8155
2014,HOU,Annual,0.711651628,82,54,28,8829,8455
2014,IND,Annual,0.778710016,82,56,26,7933,7572
2014,LAC,Annual,0.730285235,82,57,25,8850,8278
2014,LAL,Annual,0.757493188,82,27,55,8442,8958
2014,MEM,Annual,0.741296519,82,50,32,7884,7755
2014,MIA,Annual,0.75955414,82,54,28,8380,7990
2014,MIL,Annual,0.747151384,82,15,67,7829,8500
2014,MIN,Annual,0.777922642,82,40,42,8768,8549
2014,NOP,Annual,0.76911157,82,34,48,8177,8399
2014,NYK,Annual,0.761077844,82,37,45,8084,8149
2014,OKC,Annual,0.805555556,82,59,23,8705,8185
2014,ORL,Annual,0.762543757,82,23,59,7914,8360
2014,PHI,Annual,0.710114703,82,19,63,8155,9012
2014,PHO,Annual,0.758483034,82,48,34,8629,8413
2014,POR,Annual,0.814641745,82,54,28,8753,8426
2014,SAC,Annual,0.759052302,82,28,54,8241,8479
2014,SAS,Annual,0.78501827,82,62,20,8639,8006
2014,TOR,Annual,0.782481752,82,48,34,8305,8039
2014,UTA,Annual,0.746533555,82,25,57,7791,8379
2014,WAS,Annual,0.730612245,82,44,38,8254,8150
2015,ATL,Annual,0.777521614,82,60,22,8409,7964
2015,BOS,Annual,0.754469607,82,40,42,8312,8299
2015,BRK,Annual,0.747936159,82,38,44,8038,8274
2015,CHI,Annual,0.782776971,82,50,32,8265,8019
2015,CHO,Annual,0.748259239,82,33,49,7721,7981
2015,CLE,Annual,0.751292658,82,53,29,8457,8090
2015,DAL,Annual,0.752034726,82,50,32,8628,8390
2015,DEN,Annual,0.73430437,82,30,52,8320,8611
2015,DET,Annual,0.702937976,82,32,50,8077,8159
2015,GSW,Annual,0.768285547,82,67,15,9016,8188
2015,HOU,Annual,0.714955462,82,56,26,8522,8240
2015,IND,Annual,0.755641167,82,38,44,7981,7958
2015,LAC,Annual,0.710208031,82,56,26,8751,8211
2015,LAL,Annual,0.740568475,82,21,61,8073,8634
2015,MEM,Annual,0.773140717,82,55,27,8062,7796
2015,MIA,Annual,0.741237113,82,37,45,7764,7977
2015,MIL,Annual,0.756632065,82,41,41,8023,7988
2015,MIN,Annual,0.776303318,82,16,66,8016,8737
2015,NOP,Annual,0.751396648,82,45,37,8147,8082
2015,NYK,Annual,0.768888889,82,17,65,7535,8299
2015,OKC,Annual,0.754455446,82,45,37,8524,8345
2015,ORL,Annual,0.729073482,82,25,57,7847,8316
2015,PHI,Annual,0.675883257,82,18,64,7542,8278
2015,PHO,Annual,0.760045274,82,39,43,8397,8471
2015,POR,Annual,0.800503461,82,51,31,8429,8082
2015,SAC,Annual,0.762083333,82,29,53,8310,8614
2015,SAS,Annual,0.779931585,82,55,27,8461,7953
2015,TOR,Annual,0.786991063,82,49,33,8527,8275
2015,UTA,Annual,0.721099015,82,38,44,7801,7783
2015,WAS,Annual,0.742320819,82,46,36,8080,8021
2016,ATL,Annual,0.782661783,82,48,34,8433,8137
2016,BOS,Annual,0.787973043,82,48,34,8669,8406
2016,BRK,Annual,0.756915833,82,21,61,8089,8692
2016,CHI,Annual,0.787209302,82,42,40,8335,8456
2016,CHO,Annual,0.790314271,82,48,34,8479,8256
2016,CLE,Annual,0.747616377,82,57,25,8555,8063
2016,DAL,Annual,0.794101584,82,42,40,8388,8413
2016,DEN,Annual,0.766464032,82,33,49,8355,8609
2016,DET,Annual,0.66778043,82,44,38,8361,8311
2016,GSW,Annual,0.763128492,82,73,9,9421,8539
2016,HOU,Annual,0.694225177,82,41,41,8737,8721
2016,IND,Annual,0.763888889,82,45,37,8377,8237
2016,LAC,Annual,0.692379182,82,53,29,8569,8218
2016,LAL,Annual,0.780571992,82,17,65,7982,8766
2016,MEM,Annual,0.782608696,82,42,40,8126,8310
2016,MIA,Annual,0.744309158,82,48,34,8204,8069
2016,MIL,Annual,0.747181965,82,33,49,8122,8465
2016,MIN,Annual,0.79213737,82,29,53,8398,8688
2016,NOP,Annual,0.776193088,82,30,52,8423,8734
2016,NYK,Annual,0.804905876,82,32,50,8065,8289
2016,OKC,Annual,0.781809386,82,55,27,9038,8441
2016,ORL,Annual,0.757428745,82,35,47,8369,8502
2016,PHI,Annual,0.694054054,82,10,72,7988,8827
2016,PHO,Annual,0.751181102,82,23,59,8271,8817
2016,POR,Annual,0.75383801,82,44,38,8622,8554
2016,SAC,Annual,0.724748684,82,33,49,8740,8943
2016,SAS,Annual,0.802631579,82,67,15,8490,7618
2016,TOR,Annual,0.77716895,82,56,26,8422,8053
2016,UTA,Annual,0.743766578,82,40,42,8010,7863
2016,WAS,Annual,0.729583559,82,41,41,8534,8575
2017,ATL,Annual,0.727807749,82,43,39,8459,8529
2017,BOS,Annual,0.807146611,82,53,29,8857,8641
2017,BRK,Annual,0.788118812,82,20,62,8673,9225
2017,CHI,Annual,0.797619048,82,41,41,8435,8400
2017,CHO,Annual,0.814644137,82,36,46,8601,8585
2017,CLE,Annual,0.748039728,82,51,31,9048,8787
2017,DAL,Annual,0.801451187,82,33,49,8029,8269
2017,DEN,Annual,0.773917422,82,40,42,9161,9119
2017,DET,Annual,0.718789407,82,37,45,8309,8401
2017,GSW,Annual,0.787567568,82,67,15,9503,8549
2017,HOU,Annual,0.76573266,82,55,27,9458,8985
2017,IND,Annual,0.810049696,82,42,40,8618,8636
2017,LAC,Annual,0.745300752,82,51,31,8911,8559
2017,LAL,Annual,0.753912574,82,26,56,8575,9139
2017,MEM,Annual,0.784150156,82,43,39,8239,8199
2017,MIA,Annual,0.705882353,82,41,41,8460,8373
2017,MIL,Annual,0.768352365,82,42,40,8497,8512
2017,MIN,Annual,0.798590131,82,31,51,8657,8748
2017,NOP,Annual,0.749589041,82,34,48,8556,8728
2017,NYK,Annual,0.787983824,82,31,51,8556,8857
2017,OKC,Annual,0.745385708,82,47,35,8741,8679
2017,ORL,Annual,0.746719909,82,29,53,8288,8827
2017,PHI,Annual,0.771317829,82,28,54,8400,8867
2017,PHO,Annual,0.776285317,82,24,58,8831,9293
2017,POR,Annual,0.779896907,82,41,41,8851,8894
2017,SAC,Annual,0.775222164,82,32,50,8430,8748
2017,SAS,Annual,0.797342193,82,61,21,8637,8047
2017,TOR,Annual,0.796351085,82,51,31,8762,8417
2017,UTA,Annual,0.7472,82,51,31,8258,7935
2017,WAS,Annual,0.784216336,82,49,33,8953,8805